Order_ID,Date,Product,Category,City,Quantity,Unit_Price,Discount_Percent,Total_Sales,Sales_Channel,Payment_Method
1001,2025-05-21,Bag,Accessories,Rajkot,2,551,15,936.7,Online,Cash
1002,2025-10-30,Mouse,Electronics,Mumbai,9,589,0,5301.0,Online,UPI
1003,2025-11-05,Monitor,Electronics,Ahmedabad,4,20900,5,79420.0,Online,Net Banking
1004,2025-05-23,Monitor,Electronics,Ahmedabad,8,23000,0,184000.0,Online,Debit Card
1005,2025-06-22,Printer,Electronics,Surat,3,14500,0,43500.0,Online,Debit Card
1006,2025-05-16,Headphones,Electronics,Ahmedabad,6,5000,0,30000.0,Store,Net Banking
1007,2025-10-10,Bookshelf,Furniture,Navsari,7,5000,0,35000.0,Store,Net Banking
1008,2025-12-05,USB Cable,Accessories,Rajkot,2,196,0,392.0,Store,UPI
1009,2025-05-23,Tablet,Electronics,Pune,2,29400,0,58800.0,Store,Cash
1010,2025-05-17,Headphones,Electronics,Surat,4,5400,15,18360.0,Online,Net Banking
1011,2025-07-14,Monitor,Electronics,Navsari,3,19800,0,59400.0,Online,Credit Card
1012,2025-07-25,Monitor,Electronics,Navsari,1,16000,10,14400.0,Online,Cash
1013,2025-12-02,Bookshelf,Furniture,Pune,6,6700,0,40200.0,Store,Debit Card
1014,2025-10-15,Printer,Electronics,Navsari,3,15300,5,43605.0,Store,Net Banking
1015,2025-09-18,Headphones,Electronics,Pune,4,2000,0,8000.0,Online,UPI
1016,2025-11-02,Keyboard,Electronics,Surat,3,2300,10,6210.0,Store,Debit Card
1017,2025-10-11,Desk,Furniture,Ahmedabad,9,14400,0,129600.0,Online,Net Banking
1018,2025-05-31,Mobile Phone,Electronics,Mumbai,6,17700,0,106200.0,Online,Debit Card
1019,2025-04-02,USB Cable,Accessories,Surat,5,662,10,2979.0,Store,Net Banking
1020,2025-03-24,Monitor,Electronics,Ahmedabad,3,17500,0,52500.0,Store,Debit Card
1021,2025-06-07,Mouse,Electronics,Rajkot,6,1399,10,7554.6,Online,Cash
1022,2025-09-06,Mouse,Electronics,Surat,2,1249,15,2123.3,Online,Cash
1023,2025-05-16,Desk,Furniture,Mumbai,9,12200,15,93330.0,Online,Net Banking
1024,2025-07-24,USB Cable,Accessories,Gandhinagar,4,469,5,1782.2,Store,Net Banking
1025,2025-02-02,Mouse,Electronics,Gandhinagar,4,730,10,2628.0,Online,Net Banking
1026,2025-01-04,Monitor,Electronics,Surat,10,13600,0,136000.0,Online,Cash
1027,2025-02-06,Bookshelf,Furniture,Rajkot,1,8200,0,8200.0,Store,Debit Card
1028,2025-10-23,Notebook,Stationery,Pune,3,196,5,558.6,Online,Debit Card
1029,2025-12-04,Monitor,Electronics,Mumbai,2,10400,5,19760.0,Store,Debit Card
1030,2025-11-27,Desk,Furniture,Surat,1,24700,15,20995.0,Online,Debit Card
1031,2025-04-09,Headphones,Electronics,Rajkot,2,2700,5,5130.0,Store,Cash
1032,2025-05-08,Keyboard,Electronics,Surat,5,2400,0,12000.0,Store,Net Banking
1033,2025-02-17,Laptop,Electronics,Rajkot,9,45700,5,390735.0,Online,Debit Card
1034,2025-01-31,Desk,Furniture,Vadodara,4,18200,5,69160.0,Store,UPI
1035,2025-08-05,Printer,Electronics,Pune,8,16300,0,130400.0,Online,Cash
1036,2025-10-05,Monitor,Electronics,Ahmedabad,1,22800,0,22800.0,Store,UPI
1037,2025-09-29,Pen,Stationery,Vadodara,8,42,0,336.0,Online,Net Banking
1038,2025-11-01,Tablet,Electronics,Surat,3,13500,0,40500.0,Online,Debit Card
1039,2025-10-24,Bookshelf,Furniture,Ahmedabad,10,7100,15,60350.0,Online,Debit Card
1040,2025-06-11,Pen,Stationery,Navsari,10,43,0,430.0,Online,Credit Card
1041,2025-12-10,Printer,Electronics,Navsari,7,12300,0,86100.0,Store,Credit Card
1042,2025-02-21,Laptop,Electronics,Surat,8,73800,0,590400.0,Online,Net Banking
1043,2025-05-06,Keyboard,Electronics,Gandhinagar,6,1200,5,6840.0,Store,Cash
1044,2025-11-10,Tablet,Electronics,Ahmedabad,9,25400,0,228600.0,Store,UPI
1045,2025-10-11,Printer,Electronics,Vadodara,2,11700,10,21060.0,Store,Credit Card
1046,2025-12-18,Monitor,Electronics,Navsari,6,13200,0,79200.0,Store,Credit Card
1047,2025-05-22,Mouse,Electronics,Ahmedabad,7,1349,0,9443.0,Online,Credit Card
1048,2025-08-15,Bag,Accessories,Mumbai,5,830,0,4150.0,Online,UPI
1049,2025-01-19,Bookshelf,Furniture,Gandhinagar,3,10900,0,32700.0,Online,Debit Card
1050,2025-01-21,Laptop,Electronics,Gandhinagar,5,63600,15,270300.0,Online,Cash
1051,2025-10-14,Mouse,Electronics,Mumbai,6,1298,0,7788.0,Online,Cash
1052,2025-07-31,Mobile Phone,Electronics,Ahmedabad,3,57100,5,162735.0,Online,Credit Card
1053,2025-03-23,Mobile Phone,Electronics,Surat,4,25600,5,97280.0,Store,UPI
1054,2025-06-29,Monitor,Electronics,Navsari,4,19700,0,78800.0,Online,Cash
1055,2025-06-18,Bag,Accessories,Navsari,4,1316,0,5264.0,Online,Credit Card
1056,2025-12-14,Bag,Accessories,Gandhinagar,9,1318,0,11862.0,Online,UPI
1057,2025-01-20,Keyboard,Electronics,Surat,10,1800,15,15300.0,Store,Credit Card
1058,2025-11-07,Mobile Phone,Electronics,Surat,6,34300,0,205800.0,Store,Net Banking
1059,2025-08-12,Printer,Electronics,Ahmedabad,1,27100,5,25745.0,Online,Credit Card
1060,2025-06-10,Mouse,Electronics,Surat,6,1138,0,6828.0,Store,Net Banking
1061,2025-07-26,Bag,Accessories,Navsari,7,1168,5,7767.2,Online,Cash
1062,2025-03-31,Bag,Accessories,Navsari,7,1887,0,13209.0,Store,Net Banking
1063,2025-08-09,Printer,Electronics,Gandhinagar,5,14300,5,67925.0,Store,Debit Card
1064,2025-08-31,Bag,Accessories,Vadodara,4,1546,10,5565.6,Online,Credit Card
1065,2025-02-17,Bag,Accessories,Rajkot,10,1186,0,11860.0,Store,Cash
1066,2025-05-06,Keyboard,Electronics,Pune,1,1100,5,1045.0,Online,Debit Card
1067,2025-12-23,Bookshelf,Furniture,Mumbai,10,6400,0,64000.0,Store,Debit Card
1068,2025-08-06,Keyboard,Electronics,Rajkot,1,1300,5,1235.0,Online,Net Banking
1069,2025-03-04,Laptop,Electronics,Pune,9,57700,15,441405.0,Online,Debit Card
1070,2025-08-15,Notebook,Stationery,Mumbai,9,131,15,1002.15,Store,Cash
1071,2025-05-13,Tablet,Electronics,Rajkot,8,33000,5,250800.0,Store,Net Banking
1072,2025-08-14,Bag,Accessories,Surat,4,1062,0,4248.0,Store,Cash
1073,2025-02-11,Headphones,Electronics,Vadodara,6,4600,5,26220.0,Online,Cash
1074,2025-02-02,USB Cable,Accessories,Mumbai,3,369,10,996.3,Store,Credit Card
1075,2025-04-16,Desk,Furniture,Mumbai,7,9500,15,56525.0,Store,Net Banking
1076,2025-09-02,Laptop,Electronics,Ahmedabad,10,64400,5,611800.0,Store,Credit Card
1077,2025-10-07,Tablet,Electronics,Rajkot,7,37500,0,262500.0,Store,Cash
1078,2025-07-19,Office Chair,Furniture,Gandhinagar,8,5300,5,40280.0,Store,Cash
1079,2025-10-01,Bookshelf,Furniture,Ahmedabad,3,11900,10,32130.0,Store,Net Banking
1080,2025-11-26,Bag,Accessories,Mumbai,1,671,0,671.0,Online,Debit Card
1081,2025-06-17,Laptop,Electronics,Rajkot,5,64400,0,322000.0,Store,Credit Card
1082,2025-08-04,Mobile Phone,Electronics,Navsari,7,26200,0,183400.0,Online,Debit Card
1083,2025-06-29,USB Cable,Accessories,Rajkot,9,203,0,1827.0,Online,UPI
1084,2025-11-15,Monitor,Electronics,Vadodara,4,8500,5,32300.0,Online,Cash
1085,2025-04-22,Bag,Accessories,Pune,2,1655,0,3310.0,Store,Credit Card
1086,2025-03-25,Pen,Stationery,Navsari,10,17,0,170.0,Online,Net Banking
1087,2025-12-13,Bookshelf,Furniture,Mumbai,5,11300,0,56500.0,Store,Cash
1088,2025-12-23,Pen,Stationery,Navsari,4,16,0,64.0,Online,Net Banking
1089,2025-12-05,Headphones,Electronics,Gandhinagar,9,3900,15,29835.0,Online,Net Banking
1090,2025-09-08,Headphones,Electronics,Surat,1,3800,15,3230.0,Store,Credit Card
1091,2025-08-11,Bookshelf,Furniture,Vadodara,8,5900,10,42480.0,Store,Net Banking
1092,2025-08-12,Mobile Phone,Electronics,Navsari,8,35800,0,286400.0,Store,Cash
1093,2025-08-26,Printer,Electronics,Mumbai,8,15200,5,115520.0,Store,UPI
1094,2025-09-07,Tablet,Electronics,Rajkot,6,19300,0,115800.0,Store,Credit Card
1095,2025-05-22,Printer,Electronics,Ahmedabad,10,26900,0,269000.0,Online,UPI
1096,2025-10-12,USB Cable,Accessories,Rajkot,7,650,5,4322.5,Store,Debit Card
1097,2025-05-31,Mobile Phone,Electronics,Rajkot,1,16700,0,16700.0,Store,Cash
1098,2025-08-31,Bag,Accessories,Gandhinagar,10,1255,0,12550.0,Store,Net Banking
1099,2025-06-06,Headphones,Electronics,Navsari,8,2900,15,19720.0,Online,UPI
1100,2025-10-02,Monitor,Electronics,Vadodara,6,11000,15,56100.0,Online,Cash
1101,2025-09-26,Desk,Furniture,Navsari,5,23000,0,115000.0,Online,Cash
1102,2025-06-04,Monitor,Electronics,Ahmedabad,6,12500,0,75000.0,Online,Credit Card
1103,2025-12-24,Laptop,Electronics,Vadodara,9,59900,0,539100.0,Store,UPI
1104,2025-09-03,Pen,Stationery,Pune,5,40,0,200.0,Store,Cash
1105,2025-02-03,Printer,Electronics,Mumbai,8,11900,10,85680.0,Store,UPI
1106,2025-03-18,Bag,Accessories,Navsari,1,810,0,810.0,Online,Cash
1107,2025-09-25,Notebook,Stationery,Mumbai,7,107,0,749.0,Store,Debit Card
1108,2025-06-06,Tablet,Electronics,Ahmedabad,10,31900,15,271150.0,Online,Cash
1109,2025-02-11,Monitor,Electronics,Vadodara,5,24900,10,112050.0,Online,Cash
1110,2025-07-29,Mouse,Electronics,Pune,3,502,0,1506.0,Store,Credit Card
1111,2025-12-26,Monitor,Electronics,Pune,5,15200,0,76000.0,Online,Cash
1112,2025-04-12,Mobile Phone,Electronics,Mumbai,10,45800,0,458000.0,Online,Net Banking
1113,2025-05-17,Bag,Accessories,Vadodara,3,2360,0,7080.0,Online,UPI
1114,2025-10-19,Mobile Phone,Electronics,Navsari,5,42400,5,201400.0,Store,UPI
1115,2025-05-20,USB Cable,Accessories,Pune,5,562,10,2529.0,Store,UPI
1116,2025-11-06,Laptop,Electronics,Navsari,7,61500,0,430500.0,Online,UPI
1117,2025-01-11,Bag,Accessories,Navsari,10,1702,5,16169.0,Online,Cash
1118,2025-04-03,Notebook,Stationery,Mumbai,8,121,5,919.6,Store,UPI
1119,2025-06-14,Headphones,Electronics,Surat,7,3300,5,21945.0,Online,Credit Card
1120,2025-12-06,USB Cable,Accessories,Mumbai,8,445,0,3560.0,Online,Debit Card
1121,2025-03-01,Headphones,Electronics,Mumbai,5,3200,5,15200.0,Online,Net Banking
1122,2025-09-23,Office Chair,Furniture,Gandhinagar,1,7400,0,7400.0,Store,Debit Card
1123,2025-03-09,Monitor,Electronics,Navsari,5,22000,0,110000.0,Store,Debit Card
1124,2025-12-30,Laptop,Electronics,Vadodara,10,57200,0,572000.0,Store,Net Banking
1125,2025-04-26,Notebook,Stationery,Surat,7,73,15,434.35,Store,UPI
1126,2025-05-30,Tablet,Electronics,Navsari,3,35500,5,101175.0,Store,Debit Card
1127,2025-03-16,Monitor,Electronics,Mumbai,8,22100,10,159120.0,Online,Net Banking
1128,2025-05-22,USB Cable,Accessories,Mumbai,3,221,0,663.0,Store,Net Banking
1129,2025-06-02,Tablet,Electronics,Pune,1,24400,10,21960.0,Online,Debit Card
1130,2025-10-10,Desk,Furniture,Mumbai,6,16500,0,99000.0,Store,Credit Card
1131,2025-07-16,USB Cable,Accessories,Rajkot,4,735,0,2940.0,Store,UPI
1132,2025-07-17,USB Cable,Accessories,Vadodara,8,540,0,4320.0,Store,UPI
1133,2025-02-21,Notebook,Stationery,Pune,10,134,5,1273.0,Online,Net Banking
1134,2025-12-02,Laptop,Electronics,Vadodara,3,65900,0,197700.0,Online,Debit Card
1135,2025-07-23,Headphones,Electronics,Surat,10,5600,5,53200.0,Store,Net Banking
1136,2025-01-19,Headphones,Electronics,Surat,8,4600,0,36800.0,Online,Credit Card
1137,2025-02-20,USB Cable,Accessories,Surat,2,594,15,1009.8,Store,Cash
1138,2025-06-16,Printer,Electronics,Ahmedabad,1,10100,0,10100.0,Store,Credit Card
1139,2025-09-29,Office Chair,Furniture,Mumbai,3,8100,0,24300.0,Online,Cash
1140,2025-07-15,Mouse,Electronics,Rajkot,10,1391,0,13910.0,Store,Net Banking
1141,2025-05-11,Monitor,Electronics,Pune,8,24300,5,184680.0,Store,UPI
1142,2025-03-22,Bookshelf,Furniture,Surat,5,10900,10,49050.0,Store,Credit Card
1143,2025-05-09,Printer,Electronics,Pune,7,26600,5,176890.0,Store,Cash
1144,2025-05-02,Tablet,Electronics,Mumbai,8,15400,0,123200.0,Store,Net Banking
1145,2025-12-04,USB Cable,Accessories,Mumbai,5,172,10,774.0,Store,UPI
1146,2025-09-12,Tablet,Electronics,Navsari,1,41000,0,41000.0,Online,Net Banking
1147,2025-05-09,Monitor,Electronics,Vadodara,4,23800,0,95200.0,Online,UPI
1148,2025-10-24,Mobile Phone,Electronics,Gandhinagar,8,13700,0,109600.0,Online,UPI
1149,2025-04-13,Headphones,Electronics,Vadodara,7,2300,10,14490.0,Store,Net Banking
1150,2025-05-12,Bookshelf,Furniture,Pune,5,6100,0,30500.0,Store,Credit Card
1151,2025-04-26,Desk,Furniture,Mumbai,2,11600,5,22040.0,Store,UPI
1152,2025-03-05,Laptop,Electronics,Pune,5,72400,10,325800.0,Store,Credit Card
1153,2025-12-12,Office Chair,Furniture,Rajkot,6,6300,10,34020.0,Store,UPI
1154,2025-11-09,Bookshelf,Furniture,Rajkot,9,8100,15,61965.0,Online,Debit Card
1155,2025-03-13,Printer,Electronics,Ahmedabad,7,11900,5,79135.0,Online,Credit Card
1156,2025-10-03,Mouse,Electronics,Vadodara,2,740,0,1480.0,Store,Debit Card
1157,2025-10-28,Bag,Accessories,Vadodara,9,1358,5,11610.9,Store,UPI
1158,2025-01-17,Pen,Stationery,Gandhinagar,7,27,5,179.55,Online,Debit Card
1159,2025-12-18,Monitor,Electronics,Gandhinagar,6,10500,5,59850.0,Store,UPI
1160,2025-08-21,Printer,Electronics,Surat,4,12100,0,48400.0,Online,Net Banking
1161,2025-03-06,Laptop,Electronics,Rajkot,6,57400,0,344400.0,Online,Net Banking
1162,2025-06-18,Pen,Stationery,Vadodara,4,24,0,96.0,Online,Credit Card
1163,2025-03-31,Keyboard,Electronics,Surat,9,1800,0,16200.0,Online,Cash
1164,2025-06-15,Headphones,Electronics,Ahmedabad,4,4900,0,19600.0,Online,Credit Card
1165,2025-02-28,Keyboard,Electronics,Surat,7,2600,0,18200.0,Store,Debit Card
1166,2025-08-20,Notebook,Stationery,Rajkot,10,77,0,770.0,Online,Net Banking
1167,2025-09-03,Desk,Furniture,Mumbai,1,9500,5,9025.0,Store,UPI
1168,2025-02-11,USB Cable,Accessories,Gandhinagar,8,225,0,1800.0,Online,UPI
1169,2025-10-27,Printer,Electronics,Gandhinagar,10,25200,10,226800.0,Store,Net Banking
1170,2025-11-06,Printer,Electronics,Mumbai,8,21900,15,148920.0,Online,UPI
1171,2025-04-21,Bag,Accessories,Mumbai,9,1976,5,16894.8,Store,Cash
1172,2025-08-01,Headphones,Electronics,Surat,8,3700,0,29600.0,Store,Debit Card
1173,2025-03-20,Bag,Accessories,Pune,5,1266,0,6330.0,Online,UPI
1174,2025-07-10,Mouse,Electronics,Vadodara,7,598,10,3767.4,Online,Net Banking
1175,2025-07-30,Notebook,Stationery,Gandhinagar,6,81,0,486.0,Store,UPI
1176,2025-02-23,Pen,Stationery,Rajkot,5,32,0,160.0,Online,Debit Card
1177,2025-10-12,Tablet,Electronics,Gandhinagar,2,27900,10,50220.0,Online,Credit Card
1178,2025-11-15,Monitor,Electronics,Ahmedabad,7,22300,0,156100.0,Store,UPI
1179,2025-06-29,Printer,Electronics,Ahmedabad,5,17600,10,79200.0,Online,Cash
1180,2025-03-14,Bag,Accessories,Ahmedabad,7,642,0,4494.0,Online,Net Banking
1181,2025-06-24,Office Chair,Furniture,Vadodara,7,10800,15,64260.0,Store,Credit Card
1182,2025-02-13,Headphones,Electronics,Ahmedabad,10,5000,10,45000.0,Online,Cash
1183,2025-08-15,Laptop,Electronics,Mumbai,2,58900,5,111910.0,Store,Net Banking
1184,2025-09-20,Office Chair,Furniture,Surat,5,7700,0,38500.0,Store,Debit Card
1185,2025-09-27,Printer,Electronics,Navsari,10,21400,5,203300.0,Online,Cash
1186,2025-04-15,Pen,Stationery,Navsari,1,10,0,10.0,Online,Cash
1187,2025-01-04,Printer,Electronics,Pune,6,12000,0,72000.0,Store,Cash
1188,2025-04-28,Office Chair,Furniture,Gandhinagar,9,14000,15,107100.0,Online,Debit Card
1189,2025-08-24,Laptop,Electronics,Surat,7,45900,5,305235.0,Store,Net Banking
1190,2025-08-02,Pen,Stationery,Navsari,7,50,0,350.0,Online,Debit Card
1191,2025-08-24,Headphones,Electronics,Gandhinagar,3,5100,0,15300.0,Online,Debit Card
1192,2025-07-25,Monitor,Electronics,Surat,7,23000,15,136850.0,Store,Credit Card
1193,2025-03-28,Headphones,Electronics,Surat,4,3300,10,11880.0,Online,Net Banking
1194,2025-11-27,Monitor,Electronics,Vadodara,6,16900,0,101400.0,Online,UPI
1195,2025-11-05,Printer,Electronics,Vadodara,4,13400,15,45560.0,Online,Cash
1196,2025-10-24,Desk,Furniture,Pune,8,22400,0,179200.0,Store,Credit Card
1197,2025-08-15,Desk,Furniture,Navsari,2,20000,0,40000.0,Store,Net Banking
1198,2025-06-08,Headphones,Electronics,Pune,9,1600,0,14400.0,Store,UPI
1199,2025-11-27,Headphones,Electronics,Surat,5,1600,10,7200.0,Store,Debit Card
1200,2025-10-20,Notebook,Stationery,Rajkot,1,165,5,156.75,Store,Net Banking
1201,2025-08-19,Notebook,Stationery,Surat,3,65,10,175.5,Store,UPI
1202,2025-05-07,Bag,Accessories,Pune,3,580,10,1566.0,Store,Net Banking
1203,2025-07-10,Pen,Stationery,Navsari,3,33,0,99.0,Store,Debit Card
1204,2025-11-20,Bag,Accessories,Gandhinagar,10,607,0,6070.0,Online,Credit Card
1205,2025-05-10,Notebook,Stationery,Vadodara,7,122,10,768.6,Store,UPI
1206,2025-06-29,Bag,Accessories,Navsari,3,2377,10,6417.9,Store,Cash
1207,2025-10-14,USB Cable,Accessories,Mumbai,2,467,15,793.9,Store,Cash
1208,2025-11-27,USB Cable,Accessories,Mumbai,9,245,0,2205.0,Store,UPI
1209,2025-06-24,Printer,Electronics,Pune,3,14400,0,43200.0,Online,Cash
1210,2025-02-21,Keyboard,Electronics,Ahmedabad,2,1900,0,3800.0,Store,Net Banking
1211,2025-03-25,Pen,Stationery,Vadodara,7,19,0,133.0,Online,Debit Card
1212,2025-05-02,Office Chair,Furniture,Pune,6,13600,0,81600.0,Store,Debit Card
1213,2025-08-29,Notebook,Stationery,Rajkot,4,129,5,490.2,Store,Net Banking
1214,2025-09-15,Desk,Furniture,Mumbai,5,17700,10,79650.0,Online,Cash
1215,2025-11-25,Keyboard,Electronics,Pune,5,1100,0,5500.0,Store,Net Banking
1216,2025-05-26,USB Cable,Accessories,Surat,9,277,5,2368.35,Online,Credit Card
1217,2025-08-12,Bookshelf,Furniture,Surat,9,5800,0,52200.0,Online,Debit Card
1218,2025-01-28,Bookshelf,Furniture,Mumbai,1,9300,5,8835.0,Store,Cash
1219,2025-01-15,Mouse,Electronics,Gandhinagar,6,729,0,4374.0,Online,Credit Card
1220,2025-08-30,Keyboard,Electronics,Vadodara,1,1900,10,1710.0,Store,Debit Card
1221,2025-05-12,Laptop,Electronics,Rajkot,2,45900,15,78030.0,Online,Net Banking
1222,2025-02-26,Pen,Stationery,Navsari,9,37,0,333.0,Online,Credit Card
1223,2025-11-24,Laptop,Electronics,Pune,4,66400,5,252320.0,Online,UPI
1224,2025-11-20,Pen,Stationery,Rajkot,9,11,5,94.05,Online,Credit Card
1225,2025-05-04,Laptop,Electronics,Mumbai,10,63000,10,567000.0,Online,UPI
1226,2025-10-06,Headphones,Electronics,Ahmedabad,2,4500,0,9000.0,Store,Debit Card
1227,2025-05-10,Bag,Accessories,Ahmedabad,7,1264,0,8848.0,Store,UPI
1228,2025-06-20,Monitor,Electronics,Vadodara,2,22800,10,41040.0,Online,Credit Card
1229,2025-08-26,Headphones,Electronics,Pune,3,5500,0,16500.0,Online,Cash
1230,2025-05-31,USB Cable,Accessories,Rajkot,8,187,0,1496.0,Online,Cash
1231,2025-07-23,Headphones,Electronics,Pune,5,4400,15,18700.0,Store,UPI
1232,2025-01-25,Monitor,Electronics,Gandhinagar,5,17100,0,85500.0,Store,UPI
1233,2025-08-14,Office Chair,Furniture,Mumbai,7,14500,5,96425.0,Store,Cash
1234,2025-09-23,USB Cable,Accessories,Navsari,8,526,0,4208.0,Online,Debit Card
1235,2025-10-07,Office Chair,Furniture,Navsari,10,7300,0,73000.0,Store,UPI
1236,2025-08-17,Headphones,Electronics,Mumbai,5,3100,0,15500.0,Online,Debit Card
1237,2025-11-11,Desk,Furniture,Mumbai,1,17000,0,17000.0,Store,UPI
1238,2025-09-20,Bag,Accessories,Vadodara,7,1244,10,7837.2,Online,Cash
1239,2025-03-06,Bag,Accessories,Surat,8,571,0,4568.0,Online,Credit Card
1240,2025-11-06,Office Chair,Furniture,Vadodara,10,5400,0,54000.0,Store,Credit Card
1241,2025-03-12,Desk,Furniture,Gandhinagar,2,22600,15,38420.0,Store,Credit Card
1242,2025-01-14,Printer,Electronics,Vadodara,4,11900,5,45220.0,Store,Net Banking
1243,2025-05-15,Bookshelf,Furniture,Navsari,9,5500,10,44550.0,Store,Cash
1244,2025-03-04,Printer,Electronics,Vadodara,8,14100,0,112800.0,Online,Debit Card
1245,2025-12-16,Bookshelf,Furniture,Gandhinagar,8,5100,10,36720.0,Store,UPI
1246,2025-03-22,Notebook,Stationery,Vadodara,5,126,0,630.0,Store,Net Banking
1247,2025-03-13,Mouse,Electronics,Rajkot,4,1311,0,5244.0,Store,UPI
1248,2025-08-28,Notebook,Stationery,Vadodara,10,144,0,1440.0,Online,UPI
1249,2025-07-30,Office Chair,Furniture,Mumbai,8,11700,0,93600.0,Online,Cash
1250,2025-08-27,Bag,Accessories,Gandhinagar,2,1421,15,2415.7,Online,Net Banking
1251,2025-08-10,Pen,Stationery,Ahmedabad,3,18,0,54.0,Online,Net Banking
1252,2025-06-15,Printer,Electronics,Rajkot,3,13100,0,39300.0,Store,Net Banking
1253,2025-04-11,Tablet,Electronics,Navsari,2,22800,10,41040.0,Online,Credit Card
1254,2025-11-25,Notebook,Stationery,Vadodara,2,178,15,302.6,Online,Cash
1255,2025-10-16,Pen,Stationery,Ahmedabad,10,31,0,310.0,Online,UPI
1256,2025-11-30,Bag,Accessories,Rajkot,10,1042,15,8857.0,Store,Net Banking
1257,2025-05-29,Laptop,Electronics,Navsari,8,72900,15,495720.0,Store,Cash
1258,2025-02-07,Office Chair,Furniture,Ahmedabad,5,10800,5,51300.0,Online,Debit Card
1259,2025-06-24,Desk,Furniture,Vadodara,8,13200,15,89760.0,Store,Credit Card
1260,2025-03-08,Tablet,Electronics,Gandhinagar,6,30400,0,182400.0,Online,Credit Card
1261,2025-08-19,Desk,Furniture,Rajkot,2,14800,0,29600.0,Online,UPI
1262,2025-08-03,Printer,Electronics,Rajkot,7,24700,10,155610.0,Online,Credit Card
1263,2025-03-23,USB Cable,Accessories,Pune,6,344,0,2064.0,Store,Debit Card
1264,2025-07-21,Desk,Furniture,Pune,1,10300,10,9270.0,Online,Cash
1265,2025-05-25,Headphones,Electronics,Pune,1,1500,10,1350.0,Store,Credit Card
1266,2025-03-10,Laptop,Electronics,Navsari,2,67000,0,134000.0,Store,Debit Card
1267,2025-10-19,Laptop,Electronics,Rajkot,7,47600,0,333200.0,Store,Net Banking
1268,2025-08-19,Mouse,Electronics,Navsari,7,1016,0,7112.0,Online,Cash
1269,2025-10-13,Office Chair,Furniture,Gandhinagar,6,9300,10,50220.0,Online,Cash
1270,2025-01-21,Notebook,Stationery,Ahmedabad,7,178,15,1059.1,Online,Cash
1271,2025-08-22,Headphones,Electronics,Vadodara,8,4500,10,32400.0,Online,Credit Card
1272,2025-11-12,Headphones,Electronics,Navsari,3,3700,10,9990.0,Store,Net Banking
1273,2025-06-03,Notebook,Stationery,Pune,8,194,0,1552.0,Online,Credit Card
1274,2025-10-26,Bag,Accessories,Navsari,2,1353,5,2570.7,Online,Net Banking
1275,2025-04-27,Printer,Electronics,Ahmedabad,10,23700,10,213300.0,Store,Cash
1276,2025-07-14,Bag,Accessories,Vadodara,10,2086,10,18774.0,Online,UPI
1277,2025-01-10,USB Cable,Accessories,Pune,2,345,0,690.0,Store,Debit Card
1278,2025-09-14,Office Chair,Furniture,Pune,4,10200,10,36720.0,Online,Cash
1279,2025-12-06,Monitor,Electronics,Pune,9,16300,0,146700.0,Store,Credit Card
1280,2025-10-07,Desk,Furniture,Gandhinagar,9,16700,5,142785.0,Store,Net Banking
1281,2025-10-13,Monitor,Electronics,Navsari,4,15100,0,60400.0,Online,Credit Card
1282,2025-06-12,USB Cable,Accessories,Pune,4,650,15,2210.0,Store,Net Banking
1283,2025-10-21,Printer,Electronics,Mumbai,5,12100,0,60500.0,Store,Credit Card
1284,2025-02-10,Printer,Electronics,Gandhinagar,1,16300,15,13855.0,Store,Credit Card
1285,2025-10-03,Desk,Furniture,Navsari,4,13100,0,52400.0,Store,Cash
1286,2025-05-05,Pen,Stationery,Ahmedabad,10,25,0,250.0,Online,Cash
1287,2025-08-30,Mouse,Electronics,Surat,7,838,10,5279.4,Online,UPI
1288,2025-12-01,Bookshelf,Furniture,Pune,3,9200,0,27600.0,Store,Cash
1289,2025-01-31,Headphones,Electronics,Surat,5,5300,15,22525.0,Online,Net Banking
1290,2025-08-02,USB Cable,Accessories,Vadodara,1,329,5,312.55,Online,Debit Card
1291,2025-01-05,Keyboard,Electronics,Navsari,5,1100,0,5500.0,Online,Credit Card
1292,2025-09-10,Desk,Furniture,Vadodara,9,21400,0,192600.0,Store,Credit Card
1293,2025-03-25,Mobile Phone,Electronics,Pune,2,28900,0,57800.0,Store,Cash
1294,2025-10-18,USB Cable,Accessories,Rajkot,6,452,15,2305.2,Online,Net Banking
1295,2025-09-21,Bookshelf,Furniture,Gandhinagar,7,9400,15,55930.0,Online,Debit Card
1296,2025-09-02,Mouse,Electronics,Gandhinagar,3,643,0,1929.0,Online,UPI
1297,2025-05-17,Office Chair,Furniture,Gandhinagar,4,10700,15,36380.0,Store,Net Banking
1298,2025-12-01,Pen,Stationery,Gandhinagar,1,26,15,22.1,Online,UPI
1299,2025-03-23,Mouse,Electronics,Mumbai,8,814,15,5535.2,Store,UPI
1300,2025-11-11,Bookshelf,Furniture,Rajkot,5,8700,5,41325.0,Online,Cash
1301,2025-07-11,Keyboard,Electronics,Mumbai,8,2900,15,19720.0,Store,Net Banking
1302,2025-12-15,Tablet,Electronics,Surat,4,22600,15,76840.0,Store,Net Banking
1303,2025-02-27,Headphones,Electronics,Ahmedabad,2,4800,10,8640.0,Online,Net Banking
1304,2025-09-24,Keyboard,Electronics,Pune,3,2000,15,5100.0,Online,Cash
1305,2025-09-19,Pen,Stationery,Pune,8,15,0,120.0,Online,Debit Card
1306,2025-10-16,Notebook,Stationery,Ahmedabad,7,166,15,987.7,Store,Credit Card
1307,2025-01-02,Laptop,Electronics,Rajkot,7,58000,5,385700.0,Online,UPI
1308,2025-01-31,Headphones,Electronics,Surat,2,4600,0,9200.0,Store,UPI
1309,2025-03-11,Office Chair,Furniture,Mumbai,3,14800,5,42180.0,Store,Debit Card
1310,2025-02-11,Tablet,Electronics,Vadodara,7,29200,0,204400.0,Store,UPI
1311,2025-03-07,Notebook,Stationery,Rajkot,7,185,0,1295.0,Online,UPI
1312,2025-09-30,Desk,Furniture,Mumbai,9,18800,5,160740.0,Online,Cash
1313,2025-04-07,Headphones,Electronics,Surat,3,2900,10,7830.0,Online,Debit Card
1314,2025-04-16,Mobile Phone,Electronics,Surat,1,24300,0,24300.0,Online,Net Banking
1315,2025-05-06,Desk,Furniture,Ahmedabad,10,9200,0,92000.0,Store,Debit Card
1316,2025-03-13,Notebook,Stationery,Navsari,4,64,0,256.0,Online,Net Banking
1317,2025-05-02,Pen,Stationery,Navsari,10,30,0,300.0,Online,Net Banking
1318,2025-02-01,Office Chair,Furniture,Vadodara,5,8500,5,40375.0,Store,Net Banking
1319,2025-09-26,Laptop,Electronics,Gandhinagar,6,64500,0,387000.0,Store,Debit Card
1320,2025-10-03,Printer,Electronics,Pune,7,13700,0,95900.0,Online,Cash
1321,2025-01-30,Tablet,Electronics,Mumbai,3,33700,10,90990.0,Store,Net Banking
1322,2025-05-11,Keyboard,Electronics,Rajkot,7,1700,5,11305.0,Store,UPI
1323,2025-10-02,Tablet,Electronics,Rajkot,6,14700,5,83790.0,Online,Credit Card
1324,2025-01-21,Bag,Accessories,Surat,10,1734,15,14739.0,Online,Net Banking
1325,2025-09-03,Bag,Accessories,Rajkot,9,944,0,8496.0,Store,Credit Card
1326,2025-09-03,Monitor,Electronics,Rajkot,4,11000,0,44000.0,Online,Debit Card
1327,2025-07-14,Notebook,Stationery,Pune,6,122,0,732.0,Store,Credit Card
1328,2025-08-27,Headphones,Electronics,Surat,9,4300,0,38700.0,Store,Credit Card
1329,2025-01-24,Headphones,Electronics,Rajkot,6,3800,0,22800.0,Online,UPI
1330,2025-08-02,Notebook,Stationery,Navsari,10,198,0,1980.0,Online,Cash
1331,2025-05-06,Monitor,Electronics,Pune,7,22500,5,149625.0,Store,Credit Card
1332,2025-03-28,USB Cable,Accessories,Gandhinagar,8,621,15,4222.8,Online,Cash
1333,2025-10-05,Notebook,Stationery,Ahmedabad,8,97,15,659.6,Online,UPI
1334,2025-03-12,Laptop,Electronics,Rajkot,1,66100,0,66100.0,Online,Cash
1335,2025-07-11,Monitor,Electronics,Ahmedabad,9,19600,0,176400.0,Store,Debit Card
1336,2025-07-30,Laptop,Electronics,Ahmedabad,9,73200,15,559980.0,Online,Net Banking
1337,2025-01-09,Printer,Electronics,Mumbai,9,16300,0,146700.0,Online,UPI
1338,2025-04-09,Notebook,Stationery,Navsari,3,111,5,316.35,Store,Credit Card
1339,2025-07-27,Mouse,Electronics,Pune,6,1482,0,8892.0,Online,Cash
1340,2025-11-29,Bag,Accessories,Ahmedabad,2,1838,5,3492.2,Online,Debit Card
1341,2025-01-29,Office Chair,Furniture,Ahmedabad,9,11000,5,94050.0,Online,UPI
1342,2025-06-19,Tablet,Electronics,Surat,7,43000,0,301000.0,Online,Cash
1343,2025-05-19,Bookshelf,Furniture,Ahmedabad,10,10000,10,90000.0,Online,Credit Card
1344,2025-06-11,Pen,Stationery,Ahmedabad,1,21,0,21.0,Online,Net Banking
1345,2025-02-09,Mobile Phone,Electronics,Navsari,7,59500,0,416500.0,Online,Net Banking
1346,2025-06-19,Pen,Stationery,Mumbai,7,44,10,277.2,Online,UPI
1347,2025-02-20,USB Cable,Accessories,Mumbai,6,204,0,1224.0,Online,UPI
1348,2025-07-23,Pen,Stationery,Gandhinagar,10,48,5,456.0,Online,Credit Card
1349,2025-10-11,Desk,Furniture,Mumbai,4,17100,15,58140.0,Store,Cash
1350,2025-11-13,Pen,Stationery,Navsari,7,15,0,105.0,Online,UPI
1351,2025-12-31,Printer,Electronics,Vadodara,3,18700,0,56100.0,Store,Credit Card
1352,2025-06-07,Mouse,Electronics,Pune,2,505,0,1010.0,Store,Credit Card
1353,2025-08-09,Keyboard,Electronics,Pune,2,1500,0,3000.0,Store,UPI
1354,2025-02-17,Mouse,Electronics,Gandhinagar,6,1067,0,6402.0,Store,UPI
1355,2025-02-13,Office Chair,Furniture,Rajkot,7,14900,0,104300.0,Online,Debit Card
1356,2025-05-18,Keyboard,Electronics,Pune,5,1900,0,9500.0,Online,UPI
1357,2025-06-03,Office Chair,Furniture,Pune,5,10300,0,51500.0,Online,Credit Card
1358,2025-11-12,Monitor,Electronics,Rajkot,8,23200,0,185600.0,Store,UPI
1359,2025-06-20,Printer,Electronics,Mumbai,1,19100,0,19100.0,Store,Debit Card
1360,2025-06-03,Office Chair,Furniture,Gandhinagar,10,6700,0,67000.0,Online,Debit Card
1361,2025-05-30,Keyboard,Electronics,Pune,7,2000,5,13300.0,Online,Credit Card
1362,2025-02-28,Printer,Electronics,Rajkot,7,18300,0,128100.0,Online,Net Banking
1363,2025-08-13,USB Cable,Accessories,Navsari,8,364,15,2475.2,Online,Debit Card
1364,2025-06-05,Desk,Furniture,Rajkot,3,24200,15,61710.0,Store,Cash
1365,2025-08-18,Office Chair,Furniture,Pune,7,5900,10,37170.0,Store,Net Banking
1366,2025-01-19,Bookshelf,Furniture,Gandhinagar,7,10900,0,76300.0,Online,UPI
1367,2025-11-28,Bag,Accessories,Ahmedabad,6,840,5,4788.0,Store,Credit Card
1368,2025-05-13,Mouse,Electronics,Rajkot,1,600,0,600.0,Online,Debit Card
1369,2025-12-14,Office Chair,Furniture,Vadodara,8,14800,5,112480.0,Store,UPI
1370,2025-02-13,Mouse,Electronics,Surat,5,925,0,4625.0,Online,Credit Card
1371,2025-09-24,Headphones,Electronics,Pune,8,2500,0,20000.0,Store,Debit Card
1372,2025-02-04,Desk,Furniture,Navsari,8,16100,0,128800.0,Online,UPI
1373,2025-02-25,Tablet,Electronics,Vadodara,6,43100,0,258600.0,Online,Net Banking
1374,2025-10-14,Notebook,Stationery,Mumbai,3,134,5,381.9,Store,Cash
1375,2025-11-24,Bag,Accessories,Mumbai,3,881,15,2246.55,Store,UPI
1376,2025-10-31,Pen,Stationery,Mumbai,4,38,15,129.2,Store,UPI
1377,2025-12-27,Monitor,Electronics,Surat,4,15100,0,60400.0,Online,Net Banking
1378,2025-08-23,Headphones,Electronics,Surat,6,2400,10,12960.0,Store,Debit Card
1379,2025-07-18,Bag,Accessories,Mumbai,6,1722,0,10332.0,Online,Credit Card
1380,2025-03-30,Tablet,Electronics,Navsari,8,41600,0,332800.0,Online,Cash
1381,2025-03-01,Mouse,Electronics,Vadodara,4,812,10,2923.2,Store,Cash
1382,2025-03-12,Office Chair,Furniture,Mumbai,7,12600,5,83790.0,Store,Cash
1383,2025-11-27,Bag,Accessories,Vadodara,9,1920,0,17280.0,Online,Debit Card
1384,2025-08-19,Keyboard,Electronics,Ahmedabad,3,2000,5,5700.0,Store,UPI
1385,2025-10-15,Keyboard,Electronics,Pune,4,2200,5,8360.0,Store,Debit Card
1386,2025-03-27,USB Cable,Accessories,Surat,8,650,0,5200.0,Online,Cash
1387,2025-10-03,Laptop,Electronics,Navsari,5,56500,10,254250.0,Online,Debit Card
1388,2025-09-19,USB Cable,Accessories,Surat,8,712,10,5126.4,Online,Credit Card
1389,2025-01-22,Tablet,Electronics,Pune,6,37700,0,226200.0,Online,Debit Card
1390,2025-01-17,USB Cable,Accessories,Pune,4,454,0,1816.0,Store,Credit Card
1391,2025-04-18,Desk,Furniture,Gandhinagar,2,14000,10,25200.0,Store,Cash
1392,2025-01-31,Keyboard,Electronics,Gandhinagar,4,1600,10,5760.0,Store,Net Banking
1393,2025-05-29,Keyboard,Electronics,Navsari,6,1900,5,10830.0,Online,Cash
1394,2025-12-02,Bookshelf,Furniture,Vadodara,1,7500,0,7500.0,Online,Cash
1395,2025-12-13,USB Cable,Accessories,Mumbai,6,403,10,2176.2,Store,Cash
1396,2025-08-01,Bag,Accessories,Mumbai,5,1785,15,7586.25,Store,UPI
1397,2025-09-21,Mobile Phone,Electronics,Navsari,2,32600,5,61940.0,Store,Debit Card
1398,2025-02-17,Headphones,Electronics,Pune,10,1200,10,10800.0,Store,UPI
1399,2025-04-19,Office Chair,Furniture,Pune,4,10400,0,41600.0,Store,Credit Card
1400,2025-03-08,Headphones,Electronics,Pune,9,4800,0,43200.0,Store,UPI
1401,2025-03-05,Mouse,Electronics,Vadodara,8,516,0,4128.0,Store,Debit Card
1402,2025-03-09,Office Chair,Furniture,Navsari,4,13800,0,55200.0,Online,Credit Card
1403,2025-02-12,Bag,Accessories,Gandhinagar,6,1012,5,5768.4,Online,UPI
1404,2025-12-25,Bag,Accessories,Rajkot,5,1986,15,8440.5,Store,UPI
1405,2025-09-02,Mouse,Electronics,Surat,1,718,0,718.0,Online,Net Banking
1406,2025-01-05,Notebook,Stationery,Gandhinagar,8,52,15,353.6,Online,Debit Card
1407,2025-04-28,Keyboard,Electronics,Mumbai,8,1200,0,9600.0,Online,UPI
1408,2025-03-12,Headphones,Electronics,Mumbai,6,3100,0,18600.0,Online,Cash
1409,2025-11-09,Notebook,Stationery,Vadodara,10,52,15,442.0,Store,Credit Card
1410,2025-11-12,Monitor,Electronics,Pune,3,18500,0,55500.0,Online,UPI
1411,2025-07-16,Keyboard,Electronics,Gandhinagar,2,2800,0,5600.0,Store,Credit Card
1412,2025-02-13,Monitor,Electronics,Rajkot,5,24500,15,104125.0,Store,UPI
1413,2025-09-23,Bookshelf,Furniture,Rajkot,5,6600,15,28050.0,Store,Credit Card
1414,2025-07-17,Laptop,Electronics,Surat,4,70300,15,239020.0,Online,Debit Card
1415,2025-01-07,Pen,Stationery,Gandhinagar,2,43,5,81.7,Store,Cash
1416,2025-07-07,Tablet,Electronics,Vadodara,10,31500,0,315000.0,Store,UPI
1417,2025-05-15,Pen,Stationery,Rajkot,2,10,5,19.0,Online,UPI
1418,2025-08-01,Notebook,Stationery,Mumbai,5,178,15,756.5,Store,UPI
1419,2025-05-23,Notebook,Stationery,Surat,9,89,10,720.9,Store,UPI
1420,2025-10-02,Bookshelf,Furniture,Gandhinagar,4,5900,15,20060.0,Store,Net Banking
1421,2025-12-24,Mobile Phone,Electronics,Mumbai,2,27800,0,55600.0,Online,UPI
1422,2025-08-21,Mouse,Electronics,Ahmedabad,7,618,0,4326.0,Store,Cash
1423,2025-03-25,Laptop,Electronics,Pune,3,45500,10,122850.0,Store,Net Banking
1424,2025-07-10,Mobile Phone,Electronics,Vadodara,5,20500,0,102500.0,Store,UPI
1425,2025-09-26,Headphones,Electronics,Surat,7,2900,15,17255.0,Store,Net Banking
1426,2025-09-19,Mouse,Electronics,Gandhinagar,8,966,10,6955.2,Online,Debit Card
1427,2025-05-11,Keyboard,Electronics,Surat,6,1500,15,7650.0,Online,Cash
1428,2025-01-07,Notebook,Stationery,Rajkot,1,61,0,61.0,Online,Debit Card
1429,2025-01-19,Office Chair,Furniture,Mumbai,3,7200,0,21600.0,Online,Credit Card
1430,2025-02-09,Office Chair,Furniture,Gandhinagar,6,8400,15,42840.0,Online,Net Banking
1431,2025-04-25,Bookshelf,Furniture,Ahmedabad,1,6200,5,5890.0,Store,UPI
1432,2025-06-17,Tablet,Electronics,Surat,5,25900,0,129500.0,Store,UPI
1433,2025-06-05,Monitor,Electronics,Rajkot,5,22400,10,100800.0,Store,Credit Card
1434,2025-05-06,Desk,Furniture,Vadodara,4,21900,0,87600.0,Online,Debit Card
1435,2025-11-22,Monitor,Electronics,Ahmedabad,9,16800,15,128520.0,Store,UPI
1436,2025-04-16,Office Chair,Furniture,Rajkot,5,6300,0,31500.0,Store,Debit Card
1437,2025-01-23,Keyboard,Electronics,Rajkot,5,1200,5,5700.0,Store,Credit Card
1438,2025-02-18,USB Cable,Accessories,Vadodara,2,744,10,1339.2,Store,UPI
1439,2025-12-06,Pen,Stationery,Vadodara,1,37,0,37.0,Online,Credit Card
1440,2025-12-25,Tablet,Electronics,Gandhinagar,6,30100,0,180600.0,Store,Debit Card
1441,2025-03-11,Monitor,Electronics,Surat,2,13100,0,26200.0,Online,UPI
1442,2025-07-28,Desk,Furniture,Surat,8,16000,5,121600.0,Store,Cash
1443,2025-03-03,Printer,Electronics,Surat,8,15700,15,106760.0,Online,Credit Card
1444,2025-04-21,USB Cable,Accessories,Gandhinagar,10,191,15,1623.5,Online,UPI
1445,2025-09-20,Monitor,Electronics,Ahmedabad,6,18100,0,108600.0,Store,Credit Card
1446,2025-10-12,Laptop,Electronics,Rajkot,7,68100,0,476700.0,Online,Debit Card
1447,2025-01-07,Mobile Phone,Electronics,Ahmedabad,3,18200,0,54600.0,Online,Cash
1448,2025-12-18,Tablet,Electronics,Surat,7,29000,0,203000.0,Store,UPI
1449,2025-11-27,Mouse,Electronics,Pune,4,1424,0,5696.0,Online,UPI
1450,2025-08-25,Mouse,Electronics,Ahmedabad,1,1464,5,1390.8,Online,Net Banking
1451,2025-01-16,Tablet,Electronics,Mumbai,7,35400,0,247800.0,Store,Cash
1452,2025-05-24,Monitor,Electronics,Pune,3,15000,10,40500.0,Online,UPI
1453,2025-11-28,Pen,Stationery,Navsari,10,25,10,225.0,Store,Debit Card
1454,2025-05-24,Desk,Furniture,Mumbai,1,10200,0,10200.0,Online,Debit Card
1455,2025-11-19,Bag,Accessories,Ahmedabad,9,1010,5,8635.5,Store,Credit Card
1456,2025-10-17,Notebook,Stationery,Gandhinagar,8,138,0,1104.0,Store,Credit Card
1457,2025-01-16,Laptop,Electronics,Navsari,6,56200,10,303480.0,Online,Debit Card
1458,2025-03-23,Headphones,Electronics,Surat,10,2600,0,26000.0,Online,Cash
1459,2025-10-22,Notebook,Stationery,Mumbai,1,106,0,106.0,Store,Cash
1460,2025-12-24,Monitor,Electronics,Gandhinagar,10,16100,10,144900.0,Online,Credit Card
1461,2025-04-07,Pen,Stationery,Pune,3,46,5,131.1,Store,Cash
1462,2025-04-30,Laptop,Electronics,Rajkot,2,47800,5,90820.0,Online,Net Banking
1463,2025-03-08,Laptop,Electronics,Gandhinagar,6,55300,0,331800.0,Online,Credit Card
1464,2025-12-27,Laptop,Electronics,Vadodara,3,75000,0,225000.0,Online,Net Banking
1465,2025-12-06,Mouse,Electronics,Mumbai,6,1221,0,7326.0,Online,Credit Card
1466,2025-08-12,Headphones,Electronics,Pune,3,2200,15,5610.0,Store,Cash
1467,2025-04-25,Notebook,Stationery,Vadodara,10,141,15,1198.5,Store,Credit Card
1468,2025-04-01,USB Cable,Accessories,Ahmedabad,5,280,0,1400.0,Store,Net Banking
1469,2025-11-10,Keyboard,Electronics,Rajkot,10,2000,0,20000.0,Online,Debit Card
1470,2025-06-27,Headphones,Electronics,Gandhinagar,2,2700,15,4590.0,Online,UPI
1471,2025-01-06,Bag,Accessories,Navsari,6,1414,15,7211.4,Online,Cash
1472,2025-02-25,Mouse,Electronics,Ahmedabad,6,762,5,4343.4,Online,Debit Card
1473,2025-07-31,USB Cable,Accessories,Pune,7,320,10,2016.0,Store,Credit Card
1474,2025-10-23,Office Chair,Furniture,Rajkot,2,11100,0,22200.0,Online,Debit Card
1475,2025-01-11,Mobile Phone,Electronics,Gandhinagar,1,27000,0,27000.0,Store,UPI
1476,2025-03-24,Headphones,Electronics,Surat,3,3600,10,9720.0,Online,Credit Card
1477,2025-08-09,Pen,Stationery,Vadodara,8,11,0,88.0,Store,Cash
1478,2025-04-08,Mouse,Electronics,Mumbai,6,710,0,4260.0,Store,Credit Card
1479,2025-07-21,Monitor,Electronics,Pune,2,9200,0,18400.0,Online,UPI
1480,2025-05-31,Laptop,Electronics,Pune,7,49400,0,345800.0,Online,UPI
1481,2025-05-30,Monitor,Electronics,Surat,3,24300,0,72900.0,Store,UPI
1482,2025-09-08,Mobile Phone,Electronics,Navsari,7,36100,5,240065.0,Online,Net Banking
1483,2025-07-09,Keyboard,Electronics,Vadodara,6,2200,0,13200.0,Store,UPI
1484,2025-04-26,Desk,Furniture,Navsari,8,14700,15,99960.0,Online,Cash
1485,2025-12-09,Bag,Accessories,Gandhinagar,2,675,0,1350.0,Store,Net Banking
1486,2025-09-25,Notebook,Stationery,Mumbai,1,149,0,149.0,Store,Net Banking
1487,2025-07-22,Desk,Furniture,Ahmedabad,5,10000,5,47500.0,Online,UPI
1488,2025-04-09,Keyboard,Electronics,Vadodara,3,1600,0,4800.0,Online,Debit Card
1489,2025-11-18,Bag,Accessories,Vadodara,7,913,15,5432.35,Store,Credit Card
1490,2025-07-18,Bookshelf,Furniture,Mumbai,2,5100,10,9180.0,Store,Credit Card
1491,2025-10-28,Desk,Furniture,Mumbai,1,23900,0,23900.0,Online,Debit Card
1492,2025-10-26,Keyboard,Electronics,Surat,10,2800,0,28000.0,Online,Net Banking
1493,2025-10-02,Mobile Phone,Electronics,Gandhinagar,5,56400,5,267900.0,Store,Credit Card
1494,2025-11-08,Bag,Accessories,Pune,8,1671,0,13368.0,Online,Cash
1495,2025-11-08,Office Chair,Furniture,Mumbai,3,12900,0,38700.0,Online,Debit Card
1496,2025-09-01,USB Cable,Accessories,Navsari,4,200,0,800.0,Store,UPI
1497,2025-05-24,Tablet,Electronics,Pune,5,25900,0,129500.0,Online,Cash
1498,2025-06-14,Printer,Electronics,Navsari,8,28800,15,195840.0,Store,Net Banking
1499,2025-04-19,Mouse,Electronics,Mumbai,4,952,0,3808.0,Store,Net Banking
1500,2025-03-23,Tablet,Electronics,Surat,1,36300,5,34485.0,Store,Net Banking
1501,2025-01-15,Keyboard,Electronics,Vadodara,9,2800,0,25200.0,Online,Cash
1502,2025-01-26,Monitor,Electronics,Gandhinagar,1,19600,0,19600.0,Online,Credit Card
1503,2025-07-23,Tablet,Electronics,Surat,8,35800,0,286400.0,Online,Cash
1504,2025-04-01,Desk,Furniture,Pune,10,19400,0,194000.0,Store,Credit Card
1505,2025-05-26,Tablet,Electronics,Ahmedabad,5,14600,0,73000.0,Store,UPI
1506,2025-04-24,Tablet,Electronics,Rajkot,10,20900,15,177650.0,Online,Credit Card
1507,2025-12-16,Office Chair,Furniture,Ahmedabad,9,5200,15,39780.0,Store,Cash
1508,2025-04-25,Keyboard,Electronics,Navsari,10,1000,5,9500.0,Store,Credit Card
1509,2025-08-24,Bookshelf,Furniture,Navsari,7,8400,0,58800.0,Online,Debit Card
1510,2025-11-16,Bag,Accessories,Mumbai,9,2188,10,17722.8,Online,UPI
1511,2025-11-28,Bag,Accessories,Navsari,6,1649,5,9399.3,Store,UPI
1512,2025-11-24,Mouse,Electronics,Gandhinagar,6,783,15,3993.3,Store,Credit Card
1513,2025-03-18,USB Cable,Accessories,Rajkot,5,342,5,1624.5,Online,Net Banking
1514,2025-03-13,Bag,Accessories,Ahmedabad,6,1894,0,11364.0,Store,Credit Card
1515,2025-07-18,Bookshelf,Furniture,Ahmedabad,7,9100,15,54145.0,Online,Credit Card
1516,2025-11-23,USB Cable,Accessories,Pune,4,697,0,2788.0,Store,Net Banking
1517,2025-10-13,Tablet,Electronics,Vadodara,3,43600,5,124260.0,Store,UPI
1518,2025-04-04,Keyboard,Electronics,Gandhinagar,5,2700,0,13500.0,Online,Cash
1519,2025-06-19,Monitor,Electronics,Gandhinagar,5,18700,0,93500.0,Store,Net Banking
1520,2025-01-28,Desk,Furniture,Surat,2,20000,10,36000.0,Store,Cash
1521,2025-06-02,Mouse,Electronics,Mumbai,7,1042,0,7294.0,Online,Cash
1522,2025-10-19,Monitor,Electronics,Pune,6,18400,15,93840.0,Online,Credit Card
1523,2025-06-20,Keyboard,Electronics,Vadodara,2,2500,0,5000.0,Store,UPI
1524,2025-03-28,Desk,Furniture,Vadodara,5,13300,0,66500.0,Store,UPI
1525,2025-08-08,Pen,Stationery,Mumbai,7,50,5,332.5,Store,Debit Card
1526,2025-04-13,Laptop,Electronics,Gandhinagar,1,72300,10,65070.0,Online,Credit Card
1527,2025-11-17,Monitor,Electronics,Rajkot,1,8100,0,8100.0,Online,Credit Card
1528,2025-09-15,Keyboard,Electronics,Navsari,2,2200,0,4400.0,Online,UPI
1529,2025-09-24,Printer,Electronics,Gandhinagar,5,20600,0,103000.0,Store,Cash
1530,2025-04-07,Bookshelf,Furniture,Vadodara,8,8500,0,68000.0,Store,UPI
1531,2025-01-12,Monitor,Electronics,Vadodara,3,13400,15,34170.0,Online,Credit Card
1532,2025-11-24,Bag,Accessories,Navsari,1,1268,0,1268.0,Online,Net Banking
1533,2025-01-11,Bag,Accessories,Ahmedabad,2,1838,5,3492.2,Online,Debit Card
1534,2025-05-10,Office Chair,Furniture,Pune,2,12000,15,20400.0,Online,Cash
1535,2025-08-04,Bag,Accessories,Surat,1,1116,10,1004.4,Store,Net Banking
1536,2025-02-23,USB Cable,Accessories,Surat,3,578,0,1734.0,Store,UPI
1537,2025-04-13,Desk,Furniture,Navsari,4,23500,15,79900.0,Online,Credit Card
1538,2025-01-21,Office Chair,Furniture,Pune,5,7000,0,35000.0,Online,Debit Card
1539,2025-12-10,Monitor,Electronics,Surat,1,8300,15,7055.0,Online,Net Banking
1540,2025-09-19,Desk,Furniture,Surat,3,10300,15,26265.0,Online,Credit Card
1541,2025-05-16,Monitor,Electronics,Pune,8,15500,0,124000.0,Online,UPI
1542,2025-07-04,Tablet,Electronics,Gandhinagar,1,24800,0,24800.0,Store,UPI
1543,2025-03-12,Tablet,Electronics,Vadodara,1,10400,5,9880.0,Store,Credit Card
1544,2025-07-10,Pen,Stationery,Gandhinagar,5,15,5,71.25,Online,UPI
1545,2025-07-17,Office Chair,Furniture,Pune,8,8400,0,67200.0,Store,Cash
1546,2025-02-23,Keyboard,Electronics,Mumbai,1,1500,15,1275.0,Store,Net Banking
1547,2025-07-14,Desk,Furniture,Gandhinagar,3,23600,5,67260.0,Online,Cash
1548,2025-07-30,Bookshelf,Furniture,Pune,8,5400,0,43200.0,Online,UPI
1549,2025-12-27,Bag,Accessories,Rajkot,6,525,10,2835.0,Store,Net Banking
1550,2025-08-10,USB Cable,Accessories,Rajkot,10,247,15,2099.5,Store,Credit Card
1551,2025-10-13,Bag,Accessories,Ahmedabad,7,804,10,5065.2,Online,Cash
1552,2025-03-26,Tablet,Electronics,Surat,8,35300,0,282400.0,Store,Credit Card
1553,2025-09-17,Headphones,Electronics,Rajkot,5,1500,0,7500.0,Store,Debit Card
1554,2025-10-21,Mouse,Electronics,Pune,8,954,5,7250.4,Online,Debit Card
1555,2025-12-01,Headphones,Electronics,Ahmedabad,2,4300,5,8170.0,Online,Debit Card
1556,2025-01-01,Laptop,Electronics,Surat,9,73100,10,592110.0,Store,Net Banking
1557,2025-07-06,Monitor,Electronics,Ahmedabad,8,16700,0,133600.0,Online,Debit Card
1558,2025-12-03,Notebook,Stationery,Gandhinagar,10,171,0,1710.0,Store,UPI
1559,2025-06-24,Mobile Phone,Electronics,Gandhinagar,4,12100,10,43560.0,Store,Net Banking
1560,2025-03-26,Headphones,Electronics,Pune,2,1400,0,2800.0,Online,Debit Card
1561,2025-04-07,Printer,Electronics,Surat,10,14000,5,133000.0,Store,Cash
1562,2025-02-25,Tablet,Electronics,Mumbai,4,27300,0,109200.0,Online,Net Banking
1563,2025-12-04,Mobile Phone,Electronics,Vadodara,8,35400,10,254880.0,Store,UPI
1564,2025-08-10,USB Cable,Accessories,Pune,1,716,0,716.0,Online,Net Banking
1565,2025-07-18,USB Cable,Accessories,Gandhinagar,3,256,10,691.2,Store,Debit Card
1566,2025-07-23,Bookshelf,Furniture,Gandhinagar,4,7500,0,30000.0,Store,Debit Card
1567,2025-12-25,Keyboard,Electronics,Navsari,7,2900,15,17255.0,Store,Net Banking
1568,2025-11-16,Monitor,Electronics,Navsari,4,13300,15,45220.0,Store,Cash
1569,2025-10-05,Bag,Accessories,Gandhinagar,3,1531,10,4133.7,Online,Credit Card
1570,2025-12-08,Desk,Furniture,Mumbai,10,22600,0,226000.0,Store,Debit Card
1571,2025-07-15,Notebook,Stationery,Vadodara,2,56,0,112.0,Online,UPI
1572,2025-12-16,Printer,Electronics,Navsari,3,16300,15,41565.0,Online,UPI
1573,2025-10-05,Mobile Phone,Electronics,Ahmedabad,5,22400,0,112000.0,Store,Debit Card
1574,2025-11-28,Pen,Stationery,Mumbai,9,24,15,183.6,Online,Net Banking
1575,2025-07-18,Printer,Electronics,Mumbai,1,18700,0,18700.0,Store,Net Banking
1576,2025-11-14,Laptop,Electronics,Pune,5,55300,10,248850.0,Online,Credit Card
1577,2025-04-10,Notebook,Stationery,Navsari,10,100,15,850.0,Store,Cash
1578,2025-03-30,Mouse,Electronics,Surat,3,1485,5,4232.25,Store,UPI
1579,2025-03-08,Printer,Electronics,Vadodara,9,15700,0,141300.0,Store,UPI
1580,2025-03-20,Desk,Furniture,Gandhinagar,3,9000,15,22950.0,Online,Net Banking
1581,2025-10-21,Printer,Electronics,Gandhinagar,8,29200,10,210240.0,Online,Credit Card
1582,2025-02-04,Monitor,Electronics,Vadodara,3,21300,10,57510.0,Store,Net Banking
1583,2025-04-24,Office Chair,Furniture,Rajkot,2,9400,0,18800.0,Store,Credit Card
1584,2025-11-13,Printer,Electronics,Pune,4,28200,15,95880.0,Online,UPI
1585,2025-11-25,Headphones,Electronics,Rajkot,8,2700,5,20520.0,Online,Credit Card
1586,2025-05-12,Bookshelf,Furniture,Navsari,2,8900,0,17800.0,Online,Net Banking
1587,2025-09-07,Notebook,Stationery,Ahmedabad,9,164,0,1476.0,Store,Cash
1588,2025-03-27,Notebook,Stationery,Ahmedabad,2,74,15,125.8,Online,Cash
1589,2025-12-17,Bag,Accessories,Mumbai,4,2271,10,8175.6,Online,Cash
1590,2025-02-06,Tablet,Electronics,Vadodara,7,43100,15,256445.0,Online,Debit Card
1591,2025-02-07,Headphones,Electronics,Ahmedabad,1,1700,10,1530.0,Online,Credit Card
1592,2025-04-27,Mouse,Electronics,Navsari,10,1341,5,12739.5,Store,Debit Card
1593,2025-06-11,Bag,Accessories,Ahmedabad,7,1386,10,8731.8,Store,UPI
1594,2025-10-27,Laptop,Electronics,Ahmedabad,10,48200,10,433800.0,Online,Credit Card
1595,2025-12-18,Mouse,Electronics,Navsari,5,1305,5,6198.75,Online,Credit Card
1596,2025-01-16,Office Chair,Furniture,Pune,7,13400,0,93800.0,Online,Net Banking
1597,2025-06-01,Keyboard,Electronics,Vadodara,7,2700,0,18900.0,Store,Credit Card
1598,2025-03-05,Notebook,Stationery,Ahmedabad,9,86,10,696.6,Online,Net Banking
1599,2025-02-13,Office Chair,Furniture,Navsari,9,12000,0,108000.0,Online,Credit Card
1600,2025-03-24,Office Chair,Furniture,Vadodara,9,6800,0,61200.0,Online,Net Banking
